{
  "dataset_info": {
    "n_samples": 360059,
    "n_features": 2,
    "k_clusters": 2,
    "unique_labels": [
      0,
      2
    ]
  },
  "original_results": {
    "k": 2,
    "n_samples": 360059,
    "n_features": 2,
    "purity": 0.5037757700821255,
    "nmi": 3.907117661484353e-05,
    "inertia": 1377343.5,
    "n_iter": 6
  },
  "statistical_tests": {
    "clustering_significance": {
      "chi2_statistic": 18.834390830943,
      "chi2_p_value": 1.4257306996067208e-05,
      "adjusted_rand_index": 5.366138930040165e-05,
      "significant": true
    },
    "bootstrap_ci": {
      "purity": {
        "mean": 0.5038385375730089,
        "lower": 0.5023017061092766,
        "upper": 0.5052324757886902
      },
      "nmi": {
        "mean": 4.1313823797141995e-05,
        "lower": 1.2767487287322734e-05,
        "upper": 7.592589919725567e-05
      }
    }
  }
}